{
  "country_code": "ie",
  "item_type": "product",
  "offer_activated": 1530167295,
  "price": {
    "offer": 14.49,
    "diff_percentage": 17.34,
    "offer_previous_price": 18.99,
    "offer_incl_shipping": 32.44,
    "compare": 17.53,
    "type": "normal",
    "stock_status": "incoming",
    "display": {
      "offer": "€ 14.49",
      "previousPrice": "€ 17.53"
    }
  },
  "product": {
    "id": 3320490,
    "name": "Playmobil Doll's House 5308 Living Room with Fireplace",
    "popularity": {
      "total": 111256,
      "in_category": 184,
      "trend": 0
    },
    "stock_status": "in_stock",
    "user_reviews": {
      "rating": null,
      "count": 0
    },
    "expert_reviews": {
      "rating": null,
      "count": 0
    },
    "category": {
      "id": "1699",
      "name": "Playmobil",
      "path": [
        {
          "id": "1943",
          "name": "Kids & Toys"
        },
        {
          "id": "1815",
          "name": "Toys"
        },
        {
          "id": "1699",
          "name": "Playmobil"
        }
      ]
    },
    "brand": {
      "id": 21522,
      "name": "Playmobil"
    },
    "media": {
      "product_images": {
        "first": {
          "140": "https://cdn.pji.nu/product/standard/140/3320490.jpg",
          "280": "https://cdn.pji.nu/product/standard/280/3320490.jpg",
          "800": "https://cdn.pji.nu/product/standard/800/3320490.jpg"
        },
        "count": 1
      }
    }
  },
  "store": {
    "id": 19112,
    "name": "Argos",
    "country_code": "ie",
    "products_total": 7141,
    "user_reviews": {
      "rating": 5.5,
      "count_included_in_rating": 1,
      "count": 2
    }
  },
  "rank": 0
}
